Sample,Mapping_Tool,Assembler,Read_Type,File,Num_Contigs,Total_Length,Max_Length,Min_Length,Avg_Length,N50,GC_Percent
PM2469,STAR,rnaSPAdes,paired,transcripts,4947,1131447,228.7,111,13588,202,45.69
PM2469,STAR,rnaSPAdes,paired,soft_filtered_transcripts,8238,1539087,186.8,86,13588,169,45.99
PM2469,STAR,rnaSPAdes,paired,hard_filtered_transcripts,2105,689809,327.7,131,13588,307,44.73
PM2486,STAR,rnaSPAdes,paired,transcripts,341624,104008096,304.5,132,11218,300,40.26
PM2486,STAR,rnaSPAdes,paired,soft_filtered_transcripts,529762,129328446,244.1,107,11218,237,39.71
PM2486,STAR,rnaSPAdes,paired,hard_filtered_transcripts,183372,76356529,416.4,152,11218,437,41.42
PM2494,STAR,rnaSPAdes,paired,transcripts,141135,39897747,282.7,94,11107,270,43.42
PM2494,STAR,rnaSPAdes,paired,soft_filtered_transcripts,221538,50882144,229.7,94,11107,217,42.69
PM2494,STAR,rnaSPAdes,paired,hard_filtered_transcripts,72178,27843953,385.8,152,11107,389,44.83
PM2497,STAR,rnaSPAdes,paired,transcripts,272367,82428657,302.6,69,13908,295,41.21
PM2497,STAR,rnaSPAdes,paired,soft_filtered_transcripts,406129,100935660,248.5,69,13908,238,40.68
PM2497,STAR,rnaSPAdes,paired,hard_filtered_transcripts,145157,60114419,414.1,111,13908,434,42.34
PM2524,STAR,rnaSPAdes,paired,transcripts,269724,80247956,297.5,92,26144,289,40.79
PM2524,STAR,rnaSPAdes,paired,soft_filtered_transcripts,403477,98833520,245.0,92,26144,234,40.22
PM2524,STAR,rnaSPAdes,paired,hard_filtered_transcripts,142887,58034987,406.2,123,26144,420,41.98
PM2528,STAR,rnaSPAdes,paired,transcripts,707,168258,238.0,113,3318,207,43.00
PM2528,STAR,rnaSPAdes,paired,soft_filtered_transcripts,1156,223754,193.6,86,3318,174,43.04
PM2528,STAR,rnaSPAdes,paired,hard_filtered_transcripts,310,106273,342.8,134,3318,298,43.49
PM2539,STAR,rnaSPAdes,paired,transcripts,105739,28346502,268.1,132,10555,253,44.43
PM2539,STAR,rnaSPAdes,paired,soft_filtered_transcripts,175998,37781186,214.7,107,10555,203,43.62
PM2539,STAR,rnaSPAdes,paired,hard_filtered_transcripts,52316,19043848,364.0,152,10555,358,45.80
PM2577,STAR,rnaSPAdes,paired,transcripts,233774,70168992,300.2,126,14922,291,41.74
PM2577,STAR,rnaSPAdes,paired,soft_filtered_transcripts,350283,86461916,246.8,107,14922,234,41.12
PM2577,STAR,rnaSPAdes,paired,hard_filtered_transcripts,123435,50836178,411.8,126,14922,431,43.03
PM2601,STAR,rnaSPAdes,paired,transcripts,23149,5913095,255.4,86,5248,237,49.29
PM2601,STAR,rnaSPAdes,paired,soft_filtered_transcripts,31643,7133569,225.4,86,5248,212,49.09
PM2601,STAR,rnaSPAdes,paired,hard_filtered_transcripts,11597,3875322,334.2,137,5248,313,49.71
PM2616,STAR,rnaSPAdes,paired,transcripts,78015,20668704,264.9,83,7999,250,45.33
PM2616,STAR,rnaSPAdes,paired,soft_filtered_transcripts,125113,27095151,216.6,83,7999,204,44.42
PM2616,STAR,rnaSPAdes,paired,hard_filtered_transcripts,38441,13757512,357.9,83,7999,349,46.74
PM2622,STAR,rnaSPAdes,paired,transcripts,83856,21196653,252.8,88,13586,234,44.13
PM2622,STAR,rnaSPAdes,paired,soft_filtered_transcripts,138351,28763269,207.9,88,13586,193,43.33
PM2622,STAR,rnaSPAdes,paired,hard_filtered_transcripts,38752,13322486,343.8,127,13586,328,45.46
PM3050,STAR,rnaSPAdes,paired,transcripts,32397,7747730,239.1,43,7191,226,46.20
PM3050,STAR,rnaSPAdes,paired,soft_filtered_transcripts,49958,9929455,198.8,43,7191,187,45.83
PM3050,STAR,rnaSPAdes,paired,hard_filtered_transcripts,16406,5249271,320.0,108,7191,312,46.77
PM3051,STAR,rnaSPAdes,paired,transcripts,5547,1251575,225.6,66,5809,204,45.76
PM3051,STAR,rnaSPAdes,paired,soft_filtered_transcripts,8771,1657758,189.0,66,5809,173,45.81
PM3051,STAR,rnaSPAdes,paired,hard_filtered_transcripts,2455,769401,313.4,88,5809,291,45.50
PM3183,STAR,rnaSPAdes,paired,transcripts,514,141217,274.7,113,6196,234,44.29
PM3183,STAR,rnaSPAdes,paired,soft_filtered_transcripts,873,186229,213.3,86,6196,179,43.74
PM3183,STAR,rnaSPAdes,paired,hard_filtered_transcripts,201,92385,459.6,134,6196,651,45.75
PM2469,STAR,metaSPAdes,paired,contigs,2559,679777,265.6,56,13588,272,43.83
PM2469,STAR,metaSPAdes,paired,scaffolds,2557,679797,265.9,56,13588,272,43.83
PM2486,STAR,metaSPAdes,paired,contigs,274024,81239562,296.5,56,16453,332,41.50
PM2486,STAR,metaSPAdes,paired,scaffolds,273987,81243171,296.5,56,16453,332,41.50
PM2494,STAR,metaSPAdes,paired,contigs,106483,32554437,305.7,56,10736,332,44.37
PM2494,STAR,metaSPAdes,paired,scaffolds,106466,32555811,305.8,56,10736,332,44.37
PM2497,STAR,metaSPAdes,paired,contigs,203120,64139896,315.8,56,11429,341,42.31
PM2497,STAR,metaSPAdes,paired,scaffolds,203084,64142826,315.8,56,11429,341,42.31
PM2524,STAR,metaSPAdes,paired,contigs,209222,62768503,300.0,56,22878,332,41.96
PM2524,STAR,metaSPAdes,paired,scaffolds,209195,62770530,300.1,56,22878,332,41.96
PM2528,STAR,metaSPAdes,paired,contigs,330,95603,289.7,56,3092,274,42.30
PM2528,STAR,metaSPAdes,paired,scaffolds,328,95713,291.8,56,5647,274,42.18
PM2539,STAR,metaSPAdes,paired,contigs,77165,23243332,301.2,56,10490,321,45.25
PM2539,STAR,metaSPAdes,paired,scaffolds,77161,23243729,301.2,56,10490,321,45.25
PM2577,STAR,metaSPAdes,paired,contigs,173114,54875452,317.0,56,12899,343,42.88
PM2577,STAR,metaSPAdes,paired,scaffolds,173084,54877675,317.1,56,12899,343,42.88
PM2616,STAR,metaSPAdes,paired,contigs,62779,17204260,274.0,56,6861,306,45.43
PM2616,STAR,metaSPAdes,paired,scaffolds,62776,17204425,274.1,56,6861,306,45.43
PM2622,STAR,metaSPAdes,paired,contigs,59366,16345390,275.3,56,13586,292,44.77
PM2622,STAR,metaSPAdes,paired,scaffolds,59363,16345721,275.4,56,13586,292,44.77
PM3050,STAR,metaSPAdes,paired,contigs,17857,5046296,282.6,56,5953,286,46.37
PM3050,STAR,metaSPAdes,paired,scaffolds,17843,5046484,282.8,56,5953,286,46.37
PM3051,STAR,metaSPAdes,paired,contigs,2655,725631,273.3,56,4049,273,44.33
PM3051,STAR,metaSPAdes,paired,scaffolds,2654,725641,273.4,56,4049,273,44.32
PM3183,STAR,metaSPAdes,paired,contigs,264,82305,311.8,56,5725,290,43.18
PM3183,STAR,metaSPAdes,paired,scaffolds,264,82305,311.8,56,5725,290,43.18
PM2469,STAR,metaviralSPAdes,paired,contigs,2,15515,7757.5,1927,13588,13588,50.17
PM2469,STAR,metaviralSPAdes,paired,scaffolds,2,15515,7757.5,1927,13588,13588,50.17
PM2486,STAR,metaviralSPAdes,paired,contigs,6,16882,2813.7,1105,4558,4543,44.95
PM2486,STAR,metaviralSPAdes,paired,scaffolds,6,16882,2813.7,1105,4558,4543,44.95
PM2494,STAR,metaviralSPAdes,paired,contigs,4,8446,2111.5,1478,3299,2185,55.84
PM2494,STAR,metaviralSPAdes,paired,scaffolds,4,8446,2111.5,1478,3299,2185,55.84
PM2497,STAR,metaviralSPAdes,paired,contigs,5,23257,4651.4,1654,10522,4942,47.66
PM2497,STAR,metaviralSPAdes,paired,scaffolds,5,23257,4651.4,1654,10522,4942,47.66
PM2524,STAR,metaviralSPAdes,paired,contigs,5,13767,2753.4,1235,4942,4050,52.14
PM2524,STAR,metaviralSPAdes,paired,scaffolds,5,13767,2753.4,1235,4942,4050,52.14
PM2528,STAR,metaviralSPAdes,paired,contigs,1,1954,1954.0,1954,1954,1954,56.09
PM2528,STAR,metaviralSPAdes,paired,scaffolds,1,1954,1954.0,1954,1954,1954,56.09
PM2539,STAR,metaviralSPAdes,paired,contigs,1,1302,1302.0,1302,1302,1302,44.70
PM2539,STAR,metaviralSPAdes,paired,scaffolds,1,1302,1302.0,1302,1302,1302,44.70
PM2577,STAR,metaviralSPAdes,paired,contigs,10,33391,3339.1,1326,12899,4942,46.36
PM2577,STAR,metaviralSPAdes,paired,scaffolds,10,33391,3339.1,1326,12899,4942,46.36
PM2616,STAR,metaviralSPAdes,paired,contigs,1,2406,2406.0,2406,2406,2406,54.86
PM2616,STAR,metaviralSPAdes,paired,scaffolds,1,2406,2406.0,2406,2406,2406,54.86
PM2622,STAR,metaviralSPAdes,paired,contigs,2,25401,12700.5,11815,13586,13586,46.50
PM2622,STAR,metaviralSPAdes,paired,scaffolds,2,25401,12700.5,11815,13586,13586,46.50
PM3050,STAR,metaviralSPAdes,paired,contigs,1,1909,1909.0,1909,1909,1909,56.21
PM3050,STAR,metaviralSPAdes,paired,scaffolds,1,1909,1909.0,1909,1909,1909,56.21
PM2469,STAR,MEGAhit,paired,final.contigs,723,320159,442.8,208,13582,flag=3,0.00
PM2486,STAR,MEGAhit,paired,final.contigs,71922,43827669,609.4,204,11714,flag=3,0.00
PM2494,STAR,MEGAhit,paired,final.contigs,30242,17508573,578.9,206,10504,flag=3,0.00
PM2497,STAR,MEGAhit,paired,final.contigs,55090,33955754,616.4,207,11626,flag=3,0.00
PM2524,STAR,MEGAhit,paired,final.contigs,55281,33162953,599.9,201,14525,flag=3,0.00
PM2528,STAR,MEGAhit,paired,final.contigs,99,46087,465.5,233,4859,flag=3,0.00
PM2539,STAR,MEGAhit,paired,final.contigs,21784,11379475,522.4,221,10237,flag=3,0.00
PM2577,STAR,MEGAhit,paired,final.contigs,46377,28658869,618.0,201,15432,flag=3,0.00
PM2616,STAR,MEGAhit,paired,final.contigs,15399,8056878,523.2,237,9103,flag=3,0.00
PM2622,STAR,MEGAhit,paired,final.contigs,12945,6478918,500.5,224,13584,flag=3,0.00
PM3050,STAR,MEGAhit,paired,final.contigs,6291,2524949,401.4,200,5964,flag=3,0.00
PM3051,STAR,MEGAhit,paired,final.contigs,849,348755,410.8,211,4666,flag=3,0.00
PM3183,STAR,MEGAhit,paired,final.contigs,77,40407,524.8,233,4011,flag=3,0.00
PM2469_R1_unpaired,STAR,rnaSPAdes,unpaired_R1,transcripts,105,44419,423.0,117,1631,627,47.16
PM2469_R1_unpaired,STAR,rnaSPAdes,unpaired_R1,soft_filtered_transcripts,168,51711,307.8,86,1631,501,46.75
PM2469_R1_unpaired,STAR,rnaSPAdes,unpaired_R1,hard_filtered_transcripts,74,39873,538.8,156,1631,799,48.38
PM2494_R1_unpaired,STAR,rnaSPAdes,unpaired_R1,transcripts,2944,703357,238.9,110,4924,214,47.14
PM2494_R1_unpaired,STAR,rnaSPAdes,unpaired_R1,soft_filtered_transcripts,4532,927360,204.6,107,4924,187,47.69
PM2494_R1_unpaired,STAR,rnaSPAdes,unpaired_R1,hard_filtered_transcripts,1198,397742,332.0,110,4924,301,46.61
PM2497_R1_unpaired,STAR,rnaSPAdes,unpaired_R1,transcripts,2036,472148,231.9,132,3494,207,46.43
PM2497_R1_unpaired,STAR,rnaSPAdes,unpaired_R1,soft_filtered_transcripts,3151,630773,200.2,107,3494,182,46.68
PM2497_R1_unpaired,STAR,rnaSPAdes,unpaired_R1,hard_filtered_transcripts,778,253030,325.2,152,3494,288,46.06
PM2524_R1_unpaired,STAR,rnaSPAdes,unpaired_R1,transcripts,4503,1053506,234.0,132,10570,207,45.86
PM2524_R1_unpaired,STAR,rnaSPAdes,unpaired_R1,soft_filtered_transcripts,7200,1434261,199.2,107,10570,183,46.21
PM2524_R1_unpaired,STAR,rnaSPAdes,unpaired_R1,hard_filtered_transcripts,1678,558730,333.0,152,10570,303,45.64
PM2528_R1_unpaired,STAR,rnaSPAdes,unpaired_R1,transcripts,24,14709,612.9,114,2347,1633,53.92
PM2528_R1_unpaired,STAR,rnaSPAdes,unpaired_R1,soft_filtered_transcripts,35,15730,449.4,86,2347,773,55.39
PM2528_R1_unpaired,STAR,rnaSPAdes,unpaired_R1,hard_filtered_transcripts,21,14326,682.2,139,2347,1633,55.34
PM2539_R1_unpaired,STAR,rnaSPAdes,unpaired_R1,transcripts,2869,684721,238.7,132,3237,213,47.40
PM2539_R1_unpaired,STAR,rnaSPAdes,unpaired_R1,soft_filtered_transcripts,4414,897876,203.4,107,3237,186,47.96
PM2539_R1_unpaired,STAR,rnaSPAdes,unpaired_R1,hard_filtered_transcripts,1156,385603,333.6,152,3237,299,47.19
PM2577_R1_unpaired,STAR,rnaSPAdes,unpaired_R1,transcripts,1212,326871,269.7,132,2631,232,47.37
PM2577_R1_unpaired,STAR,rnaSPAdes,unpaired_R1,soft_filtered_transcripts,1818,412755,227.0,107,2631,197,47.58
PM2577_R1_unpaired,STAR,rnaSPAdes,unpaired_R1,hard_filtered_transcripts,493,201802,409.3,152,2631,425,47.88
PM2601_R1_unpaired,STAR,rnaSPAdes,unpaired_R1,transcripts,154,49789,323.3,137,1792,367,46.33
PM2601_R1_unpaired,STAR,rnaSPAdes,unpaired_R1,soft_filtered_transcripts,222,59306,267.1,108,1792,273,46.76
PM2601_R1_unpaired,STAR,rnaSPAdes,unpaired_R1,hard_filtered_transcripts,73,35699,489.0,159,1792,682,49.51
PM2616_R1_unpaired,STAR,rnaSPAdes,unpaired_R1,transcripts,2710,1001921,369.7,132,10499,388,47.36
PM2616_R1_unpaired,STAR,rnaSPAdes,unpaired_R1,soft_filtered_transcripts,4163,1205722,289.6,107,10499,249,47.79
PM2616_R1_unpaired,STAR,rnaSPAdes,unpaired_R1,hard_filtered_transcripts,1157,730654,631.5,152,10499,2964,46.50
PM2622_R1_unpaired,STAR,rnaSPAdes,unpaired_R1,transcripts,226,80818,357.6,135,2598,455,46.18
PM2622_R1_unpaired,STAR,rnaSPAdes,unpaired_R1,soft_filtered_transcripts,361,99936,276.8,107,2598,267,46.51
PM2622_R1_unpaired,STAR,rnaSPAdes,unpaired_R1,hard_filtered_transcripts,123,62894,511.3,154,2598,876,47.27
PM3050_R1_unpaired,STAR,rnaSPAdes,unpaired_R1,transcripts,86,31412,365.3,115,2273,803,46.25
PM3050_R1_unpaired,STAR,rnaSPAdes,unpaired_R1,soft_filtered_transcripts,188,43409,230.9,86,2273,225,46.01
PM3050_R1_unpaired,STAR,rnaSPAdes,unpaired_R1,hard_filtered_transcripts,38,24257,638.3,135,2273,1104,50.76
PM3051_R1_unpaired,STAR,rnaSPAdes,unpaired_R1,transcripts,24,17175,715.6,127,3260,1823,53.36
PM3051_R1_unpaired,STAR,rnaSPAdes,unpaired_R1,soft_filtered_transcripts,44,19207,436.5,86,3260,1457,55.42
PM3051_R1_unpaired,STAR,rnaSPAdes,unpaired_R1,hard_filtered_transcripts,19,16421,864.3,138,3260,1823,53.55
PM3183_R1_unpaired,STAR,rnaSPAdes,unpaired_R1,transcripts,20,16566,828.3,122,3270,1870,52.53
PM3183_R1_unpaired,STAR,rnaSPAdes,unpaired_R1,soft_filtered_transcripts,31,17651,569.4,87,3270,1870,55.14
PM3183_R1_unpaired,STAR,rnaSPAdes,unpaired_R1,hard_filtered_transcripts,17,16104,947.3,140,3270,2174,54.10
PM2486,Bowtie,rnaSPAdes,paired,transcripts,175717,48447708,275.7,111,7025,266,43.02
PM2486,Bowtie,rnaSPAdes,paired,soft_filtered_transcripts,260480,59845084,229.7,58,7025,223,42.48
PM2486,Bowtie,rnaSPAdes,paired,hard_filtered_transcripts,93867,34177676,364.1,111,7025,361,44.13
PM2494,Bowtie,rnaSPAdes,paired,transcripts,73307,19888853,271.3,107,9154,261,46.20
PM2494,Bowtie,rnaSPAdes,paired,soft_filtered_transcripts,101955,23878720,234.2,107,9154,226,45.84
PM2494,Bowtie,rnaSPAdes,paired,hard_filtered_transcripts,39313,13909861,353.8,107,9154,348,47.03
PM2497,Bowtie,rnaSPAdes,paired,transcripts,133924,37339964,278.8,74,9323,270,44.01
PM2497,Bowtie,rnaSPAdes,paired,soft_filtered_transcripts,187199,44744117,239.0,74,9323,231,43.60
PM2497,Bowtie,rnaSPAdes,paired,hard_filtered_transcripts,72149,26494912,367.2,98,9323,365,44.97
PM2539,Bowtie,rnaSPAdes,paired,transcripts,56164,14619581,260.3,88,6203,248,46.89
PM2539,Bowtie,rnaSPAdes,paired,soft_filtered_transcripts,79997,17893439,223.7,88,6203,216,46.61
PM2539,Bowtie,rnaSPAdes,paired,hard_filtered_transcripts,29267,9892643,338.0,88,6203,328,47.57
PM2577,Bowtie,rnaSPAdes,paired,transcripts,118831,32804968,276.1,71,12898,266,45.23
PM2577,Bowtie,rnaSPAdes,paired,soft_filtered_transcripts,165361,39292698,237.6,71,12898,228,44.81
PM2577,Bowtie,rnaSPAdes,paired,hard_filtered_transcripts,63503,23100677,363.8,81,12898,360,46.19
PM2616,Bowtie,rnaSPAdes,paired,transcripts,40050,10108456,252.4,81,4339,239,47.78
PM2616,Bowtie,rnaSPAdes,paired,soft_filtered_transcripts,56953,12459477,218.8,81,4339,210,47.44
PM2616,Bowtie,rnaSPAdes,paired,hard_filtered_transcripts,20344,6646169,326.7,81,4339,313,48.43
PM3183,Bowtie,rnaSPAdes,paired,transcripts,129,33844,262.4,116,4013,260,48.33
PM3183,Bowtie,rnaSPAdes,paired,soft_filtered_transcripts,263,49349,187.6,86,4013,166,47.21
PM3183,Bowtie,rnaSPAdes,paired,hard_filtered_transcripts,56,22925,409.4,134,4013,552,50.92
PM2486,Bowtie,metaSPAdes,paired,contigs,171451,47947161,279.7,56,9161,337,43.24
PM2486,Bowtie,metaSPAdes,paired,scaffolds,171432,47948759,279.7,56,9206,337,43.24
PM2494,Bowtie,metaSPAdes,paired,contigs,72062,21079467,292.5,56,9155,339,45.83
PM2494,Bowtie,metaSPAdes,paired,scaffolds,72058,21079677,292.5,56,9155,339,45.83
PM2497,Bowtie,metaSPAdes,paired,contigs,123442,37577087,304.4,56,8565,352,44.09
PM2497,Bowtie,metaSPAdes,paired,scaffolds,123429,49369560,400.0,56,8565,528,44.61
PM2539,Bowtie,metaSPAdes,paired,contigs,52420,15707351,299.6,56,5676,329,46.54
PM2539,Bowtie,metaSPAdes,paired,scaffolds,52414,17193625,328.0,56,6625,356,46.90
PM2577,Bowtie,metaSPAdes,paired,contigs,108731,34129861,313.9,56,12898,358,45.10
PM2577,Bowtie,metaSPAdes,paired,scaffolds,108723,42576339,391.6,56,12898,490,45.48
PM2616,Bowtie,metaSPAdes,paired,contigs,42788,10872217,254.1,56,5656,302,46.34
PM2616,Bowtie,metaSPAdes,paired,scaffolds,42784,10872444,254.1,56,10162,302,46.34
PM3183,Bowtie,metaSPAdes,paired,contigs,71,30797,433.8,57,4214,565,47.11
PM3183,Bowtie,metaSPAdes,paired,scaffolds,69,39883,578.0,57,4573,2292,47.88
PM2486,Bowtie,metaviralSPAdes,paired,contigs,2,21290,10645.0,10645,10645,10645,54.75
PM2486,Bowtie,metaviralSPAdes,paired,scaffolds,2,21290,10645.0,10645,10645,10645,54.75
PM2497,Bowtie,metaviralSPAdes,paired,contigs,1,1977,1977.0,1977,1977,1977,56.15
PM2497,Bowtie,metaviralSPAdes,paired,scaffolds,1,1977,1977.0,1977,1977,1977,56.15
PM2577,Bowtie,metaviralSPAdes,paired,contigs,4,17584,4396.0,1196,12898,12898,49.10
PM2577,Bowtie,metaviralSPAdes,paired,scaffolds,4,17584,4396.0,1196,12898,12898,49.10
PM2469,Bowtie,MEGAhit,paired,final.contigs,281,135042,480.6,230,13546,flag=3,0.00
PM2486,Bowtie,MEGAhit,paired,final.contigs,40293,21727896,539.2,228,6961,flag=3,0.00
PM2494,Bowtie,MEGAhit,paired,final.contigs,17966,9427330,524.7,227,5554,flag=3,0.00
PM2497,Bowtie,MEGAhit,paired,final.contigs,31628,17278281,546.3,227,5522,flag=3,0.00
PM2524,Bowtie,MEGAhit,paired,final.contigs,28617,14843191,518.7,227,6098,flag=3,0.00
PM2528,Bowtie,MEGAhit,paired,final.contigs,34,16704,491.3,200,3272,flag=3,0.00
PM2539,Bowtie,MEGAhit,paired,final.contigs,13000,6474489,498.0,228,6724,flag=3,0.00
PM2577,Bowtie,MEGAhit,paired,final.contigs,27652,14849065,537.0,228,12888,flag=3,0.00
PM2601,Bowtie,MEGAhit,paired,final.contigs,2390,927251,388.0,207,3667,flag=3,0.00
PM2616,Bowtie,MEGAhit,paired,final.contigs,8052,3910200,485.6,229,5551,flag=3,0.00
PM2622,Bowtie,MEGAhit,paired,final.contigs,5668,2608662,460.2,227,13545,flag=3,0.00
PM3050,Bowtie,MEGAhit,paired,final.contigs,2933,925050,315.4,200,4620,flag=3,0.00
PM3051,Bowtie,MEGAhit,paired,final.contigs,417,133760,320.8,200,3285,flag=3,0.00
PM3183,Bowtie,MEGAhit,paired,final.contigs,44,20081,456.4,202,3270,flag=3,0.00
PM2469,Bowtie,rnaSPAdes,unpaired_R1,transcripts,98,30887,315.2,115,1605,393,48.28
PM2469,Bowtie,rnaSPAdes,unpaired_R1,soft_filtered_transcripts,167,38916,233.0,86,1605,274,47.16
PM2469,Bowtie,rnaSPAdes,unpaired_R1,hard_filtered_transcripts,64,25938,405.3,147,1605,464,48.63
PM2486,Bowtie,rnaSPAdes,unpaired_R1,transcripts,11358,2527002,222.5,132,3442,206,47.39
PM2486,Bowtie,rnaSPAdes,unpaired_R1,soft_filtered_transcripts,17950,3436586,191.5,107,3442,181,47.53
PM2486,Bowtie,rnaSPAdes,unpaired_R1,hard_filtered_transcripts,4492,1328459,295.7,152,3442,274,47.46
PM2494,Bowtie,rnaSPAdes,unpaired_R1,transcripts,3715,851171,229.1,110,3030,208,48.50
PM2494,Bowtie,rnaSPAdes,unpaired_R1,soft_filtered_transcripts,5674,1126933,198.6,107,3030,185,48.92
PM2494,Bowtie,rnaSPAdes,unpaired_R1,hard_filtered_transcripts,1495,463127,309.8,110,3030,286,47.88
PM2497,Bowtie,rnaSPAdes,unpaired_R1,transcripts,2474,546822,221.0,132,3274,202,47.77
PM2497,Bowtie,rnaSPAdes,unpaired_R1,soft_filtered_transcripts,3800,735380,193.5,107,3274,181,47.83
PM2497,Bowtie,rnaSPAdes,unpaired_R1,hard_filtered_transcripts,936,278561,297.6,152,3274,270,47.40
PM2524,Bowtie,rnaSPAdes,unpaired_R1,transcripts,5327,1216367,228.3,132,10570,205,46.91
PM2524,Bowtie,rnaSPAdes,unpaired_R1,soft_filtered_transcripts,8469,1660985,196.1,107,10570,181,47.21
PM2524,Bowtie,rnaSPAdes,unpaired_R1,hard_filtered_transcripts,1985,631812,318.3,152,10570,291,46.78
PM2528,Bowtie,rnaSPAdes,unpaired_R1,transcripts,11,7803,709.4,118,1996,1233,61.83
PM2528,Bowtie,rnaSPAdes,unpaired_R1,soft_filtered_transcripts,29,9523,328.4,86,1996,1233,59.82
PM2528,Bowtie,rnaSPAdes,unpaired_R1,hard_filtered_transcripts,9,7549,838.8,165,1996,1233,64.83
PM2539,Bowtie,rnaSPAdes,unpaired_R1,transcripts,3512,812866,231.5,132,3381,209,48.60
PM2539,Bowtie,rnaSPAdes,unpaired_R1,soft_filtered_transcripts,5449,1080227,198.2,107,3381,184,49.06
PM2539,Bowtie,rnaSPAdes,unpaired_R1,hard_filtered_transcripts,1412,445294,315.4,153,3381,289,48.23
PM2577,Bowtie,rnaSPAdes,unpaired_R1,transcripts,1304,310816,238.4,132,5461,208,48.53
PM2577,Bowtie,rnaSPAdes,unpaired_R1,soft_filtered_transcripts,2019,412069,204.1,107,5461,183,48.82
PM2577,Bowtie,rnaSPAdes,unpaired_R1,hard_filtered_transcripts,479,167717,350.1,152,5461,313,48.35
PM2601,Bowtie,rnaSPAdes,unpaired_R1,transcripts,150,46036,306.9,140,2508,300,47.14
PM2601,Bowtie,rnaSPAdes,unpaired_R1,soft_filtered_transcripts,225,56571,251.4,108,2508,226,48.00
PM2601,Bowtie,rnaSPAdes,unpaired_R1,hard_filtered_transcripts,71,32259,454.4,154,2508,596,50.30
PM2616,Bowtie,rnaSPAdes,unpaired_R1,transcripts,3257,1109338,340.6,132,10499,302,48.47
PM2616,Bowtie,rnaSPAdes,unpaired_R1,soft_filtered_transcripts,5009,1354923,270.5,107,10499,229,48.81
PM2616,Bowtie,rnaSPAdes,unpaired_R1,hard_filtered_transcripts,1356,777912,573.7,152,10499,1837,47.45
PM2622,Bowtie,rnaSPAdes,unpaired_R1,transcripts,249,66095,265.4,133,2415,242,47.28
PM2622,Bowtie,rnaSPAdes,unpaired_R1,soft_filtered_transcripts,396,86972,219.6,107,2415,203,47.58
PM2622,Bowtie,rnaSPAdes,unpaired_R1,hard_filtered_transcripts,128,45177,352.9,158,2415,321,48.22
PM3050,Bowtie,rnaSPAdes,unpaired_R1,transcripts,96,23195,241.6,115,2176,201,47.05
PM3050,Bowtie,rnaSPAdes,unpaired_R1,soft_filtered_transcripts,213,37117,174.3,86,2176,148,46.51
PM3050,Bowtie,rnaSPAdes,unpaired_R1,hard_filtered_transcripts,29,13316,459.2,183,2176,822,51.53
PM3051,Bowtie,rnaSPAdes,unpaired_R1,transcripts,20,9698,484.9,115,2134,1571,54.99
PM3051,Bowtie,rnaSPAdes,unpaired_R1,soft_filtered_transcripts,42,11916,283.7,86,2134,1246,56.97
PM3051,Bowtie,rnaSPAdes,unpaired_R1,hard_filtered_transcripts,12,8539,711.6,131,2134,1571,59.40
PM3183,Bowtie,rnaSPAdes,unpaired_R1,transcripts,9,7943,882.6,115,2174,1578,60.87
PM3183,Bowtie,rnaSPAdes,unpaired_R1,soft_filtered_transcripts,24,9397,391.5,86,2174,1578,60.67
PM3183,Bowtie,rnaSPAdes,unpaired_R1,hard_filtered_transcripts,7,7706,1100.9,173,2174,1578,62.58
PM2469,Bowtie,MEGAhit,unpaired_R1,final.contigs,45,23667,525.9,203,2647,flag=1,0.00
PM2486,Bowtie,MEGAhit,unpaired_R1,final.contigs,1467,620163,422.7,201,2664,flag=3,0.00
PM2494,Bowtie,MEGAhit,unpaired_R1,final.contigs,533,246883,463.2,204,2805,flag=3,0.00
PM2497,Bowtie,MEGAhit,unpaired_R1,final.contigs,323,144382,447.0,230,2336,flag=3,0.00
PM2524,Bowtie,MEGAhit,unpaired_R1,final.contigs,634,280522,442.5,208,2423,flag=3,0.00
PM2528,Bowtie,MEGAhit,unpaired_R1,final.contigs,8,7296,912.0,508,1612,flag=1,0.00
PM2539,Bowtie,MEGAhit,unpaired_R1,final.contigs,529,230301,435.4,204,2666,flag=3,0.00
PM2577,Bowtie,MEGAhit,unpaired_R1,final.contigs,324,121331,374.5,211,2281,flag=3,0.00
PM2601,Bowtie,MEGAhit,unpaired_R1,final.contigs,50,27570,551.4,232,2527,flag=3,0.00
PM2616,Bowtie,MEGAhit,unpaired_R1,final.contigs,759,272975,359.7,205,2959,flag=3,0.00
PM2622,Bowtie,MEGAhit,unpaired_R1,final.contigs,76,33715,443.6,230,2190,flag=3,0.00
PM3050,Bowtie,MEGAhit,unpaired_R1,final.contigs,20,11255,562.8,201,2190,flag=1,0.00
PM3051,Bowtie,MEGAhit,unpaired_R1,final.contigs,8,8025,1003.1,220,2196,flag=1,0.00
PM3183,Bowtie,MEGAhit,unpaired_R1,final.contigs,7,7515,1073.6,678,1580,flag=1,0.00
PM2469,Bowtie,rnaSPAdes,unpaired_R2,transcripts,39,10783,276.5,118,780,384,57.49
PM2469,Bowtie,rnaSPAdes,unpaired_R2,soft_filtered_transcripts,56,12829,229.1,97,780,240,55.35
PM2469,Bowtie,rnaSPAdes,unpaired_R2,hard_filtered_transcripts,22,8237,374.4,164,780,471,58.22
PM2486,Bowtie,rnaSPAdes,unpaired_R2,transcripts,512,115168,224.9,134,2416,199,46.60
PM2486,Bowtie,rnaSPAdes,unpaired_R2,soft_filtered_transcripts,834,160915,192.9,107,2416,176,46.79
PM2486,Bowtie,rnaSPAdes,unpaired_R2,hard_filtered_transcripts,178,56821,319.2,156,2416,287,48.85
PM2494,Bowtie,rnaSPAdes,unpaired_R2,transcripts,186,48722,261.9,132,2409,240,50.03
PM2494,Bowtie,rnaSPAdes,unpaired_R2,soft_filtered_transcripts,284,62789,221.1,107,2409,196,49.46
PM2494,Bowtie,rnaSPAdes,unpaired_R2,hard_filtered_transcripts,82,30838,376.1,169,2409,328,52.04
PM2497,Bowtie,rnaSPAdes,unpaired_R2,transcripts,227,59252,261.0,134,2419,220,47.61
PM2497,Bowtie,rnaSPAdes,unpaired_R2,soft_filtered_transcripts,371,79871,215.3,107,2419,186,47.89
PM2497,Bowtie,rnaSPAdes,unpaired_R2,hard_filtered_transcripts,85,34671,407.9,166,2419,380,50.18
PM2524,Bowtie,rnaSPAdes,unpaired_R2,transcripts,357,85799,240.3,132,2413,210,46.93
PM2524,Bowtie,rnaSPAdes,unpaired_R2,soft_filtered_transcripts,527,110327,209.3,107,2413,188,46.72
PM2524,Bowtie,rnaSPAdes,unpaired_R2,hard_filtered_transcripts,135,47015,348.3,171,2413,326,50.54
PM2528,Bowtie,rnaSPAdes,unpaired_R2,transcripts,13,6798,522.9,131,1433,1160,68.90
PM2528,Bowtie,rnaSPAdes,unpaired_R2,soft_filtered_transcripts,18,7351,408.4,99,1433,1160,67.24
PM2528,Bowtie,rnaSPAdes,unpaired_R2,hard_filtered_transcripts,9,6231,692.3,162,1433,1160,66.58
PM2539,Bowtie,rnaSPAdes,unpaired_R2,transcripts,156,44897,287.8,132,1320,277,50.20
PM2539,Bowtie,rnaSPAdes,unpaired_R2,soft_filtered_transcripts,248,57675,232.6,107,1320,215,50.30
PM2539,Bowtie,rnaSPAdes,unpaired_R2,hard_filtered_transcripts,80,31549,394.4,160,1320,468,52.28
PM2577,Bowtie,rnaSPAdes,unpaired_R2,transcripts,215,64338,299.2,136,2183,281,49.70
PM2577,Bowtie,rnaSPAdes,unpaired_R2,soft_filtered_transcripts,357,84211,235.9,107,2183,201,50.22
PM2577,Bowtie,rnaSPAdes,unpaired_R2,hard_filtered_transcripts,91,42923,471.7,157,2183,672,52.46
PM2601,Bowtie,rnaSPAdes,unpaired_R2,transcripts,75,26389,351.9,149,1969,433,51.04
PM2601,Bowtie,rnaSPAdes,unpaired_R2,soft_filtered_transcripts,97,29407,303.2,108,1969,303,50.62
PM2601,Bowtie,rnaSPAdes,unpaired_R2,hard_filtered_transcripts,41,20403,497.6,195,1969,753,53.21
PM2616,Bowtie,rnaSPAdes,unpaired_R2,transcripts,134,34640,258.5,136,2282,238,50.42
PM2616,Bowtie,rnaSPAdes,unpaired_R2,soft_filtered_transcripts,195,43494,223.0,107,2282,213,49.58
PM2616,Bowtie,rnaSPAdes,unpaired_R2,hard_filtered_transcripts,67,22921,342.1,155,2282,327,53.19
PM2622,Bowtie,rnaSPAdes,unpaired_R2,transcripts,68,18086,266.0,138,2415,239,50.04
PM2622,Bowtie,rnaSPAdes,unpaired_R2,soft_filtered_transcripts,109,23889,219.2,108,2415,201,49.87
PM2622,Bowtie,rnaSPAdes,unpaired_R2,hard_filtered_transcripts,35,12385,353.9,152,2415,322,53.23
PM3050,Bowtie,rnaSPAdes,unpaired_R2,transcripts,24,8655,360.6,113,1392,606,64.54
PM3050,Bowtie,rnaSPAdes,unpaired_R2,soft_filtered_transcripts,33,9648,292.4,87,1392,523,61.62
PM3050,Bowtie,rnaSPAdes,unpaired_R2,hard_filtered_transcripts,17,7660,450.6,166,1392,655,65.39
PM3051,Bowtie,rnaSPAdes,unpaired_R2,transcripts,19,7772,409.1,111,1162,604,63.47
PM3051,Bowtie,rnaSPAdes,unpaired_R2,soft_filtered_transcripts,25,8483,339.3,98,1162,604,61.61
PM3051,Bowtie,rnaSPAdes,unpaired_R2,hard_filtered_transcripts,12,6811,567.6,149,1162,690,64.04
PM3183,Bowtie,rnaSPAdes,unpaired_R2,transcripts,14,6964,497.4,151,1453,632,67.79
PM3183,Bowtie,rnaSPAdes,unpaired_R2,soft_filtered_transcripts,18,7391,410.6,93,1453,632,65.23
PM3183,Bowtie,rnaSPAdes,unpaired_R2,hard_filtered_transcripts,10,6333,633.3,182,1453,745,63.60
PM2469,Bowtie,MEGAhit,unpaired_R2,final.contigs,17,7790,458.2,200,1092,flag=1,0.00
PM2486,Bowtie,MEGAhit,unpaired_R2,final.contigs,66,31236,473.3,204,1824,flag=3,0.00
PM2494,Bowtie,MEGAhit,unpaired_R2,final.contigs,31,17142,553.0,224,2357,flag=3,0.00
PM2497,Bowtie,MEGAhit,unpaired_R2,final.contigs,51,24869,487.6,238,2297,flag=1,0.00
PM2524,Bowtie,MEGAhit,unpaired_R2,final.contigs,109,41558,381.3,201,2413,flag=1,0.00
PM2528,Bowtie,MEGAhit,unpaired_R2,final.contigs,9,5983,664.8,277,1241,flag=1,0.00
PM2539,Bowtie,MEGAhit,unpaired_R2,final.contigs,56,24789,442.7,233,1188,flag=3,0.00
PM2577,Bowtie,MEGAhit,unpaired_R2,final.contigs,54,26610,492.8,233,2728,flag=3,0.00
PM2601,Bowtie,MEGAhit,unpaired_R2,final.contigs,41,19876,484.8,204,1946,flag=3,0.00
PM2616,Bowtie,MEGAhit,unpaired_R2,final.contigs,61,21366,350.3,200,2276,flag=3,0.00
PM2622,Bowtie,MEGAhit,unpaired_R2,final.contigs,28,10458,373.5,208,2190,flag=3,0.00
PM3050,Bowtie,MEGAhit,unpaired_R2,final.contigs,12,6818,568.2,205,1400,flag=1,0.00
PM3051,Bowtie,MEGAhit,unpaired_R2,final.contigs,9,6548,727.6,206,1659,flag=1,0.00
PM3183,Bowtie,MEGAhit,unpaired_R2,final.contigs,9,6588,732.0,220,1678,flag=1,0.00
